,Protein,P_Value,FDR
0,CREB1,1.1304400547197988e-11,1.1304400547197988e-11
1,EGR1,2.0009252911028697e-12,4.0018505822057394e-12
