,Condition_X,Condition_Y,Prescale_R2,Prescale_Slope,Prescale_Slope_CI,Prescale_Intercept,Prescale_Intercept_CI,Postscale_R2,Postscale_Slope,Postscale_Slope_CI,Postscale_Intercept,Postscale_Intercept_CI
0,Non_UV_CREB1,UV_CREB1,0.9209219036154219,0.6448259693846065,0.01760394918041266,3.6540881639178053,0.15760436621352183,0.9209219036154213,0.9999999999999994,0.02730031049650988,5.329070518200751e-15,0.24441380108176028
1,Non_UV_EGR1,UV_EGR1,0.9124222039800941,0.6546249821067043,0.01889481059263094,3.2956122890717623,0.1521549230848324,0.9124222039800947,1.0000000000000002,0.028863564802895064,-1.7763568394002505e-15,0.2324306698396527
2,Non_UV_MITF,UV_MITF,0.8958833828262707,0.866539958582867,0.027521605331839366,1.7041853333638795,0.21300707650435724,0.8958833828262702,1.0,0.0317603418737297,0.0,0.24581333427798055
