Group,Bkg_Mean,Bkg_Std,Fg_Value,Fg_Zscore,P_Value
CREB1_20,0.00538494242099625,0.00012739965391648207,0.005938671665773969,4.346395204030311,1.3839312450123784e-05
CREB1_25,0.005399121998626026,0.00021619262066485808,0.00586451299408522,2.152668273449736,0.03134475862879883
CREB1_30,0.005439022294772111,0.0003491820279862314,0.00564886807852571,0.6009638725217356,0.5478640492366181
CREB1_pwm,0.0054037865460333425,0.00026893407761636925,0.006045628438189383,2.386614213582926,0.017004324594535627
EGR1_20,0.0053761836854680336,0.0001257121894528789,0.00587620870391914,3.977538062357369,6.96324792799413e-05
EGR1_25,0.005398098211751348,0.00020914851101935445,0.005776326994039171,1.8084220654710876,0.07054083627168148
EGR1_30,0.005375138752091052,0.000304761068544179,0.00569078998796179,1.0357334595871466,0.3003265079880826
EGR1_pwm,0.005359006290836437,0.00010124773177706872,0.005848722933203736,4.836815934262873,1.3193549728729991e-06
