Protein,NonConsensus_Length,Promoters_with_NonConsensus,Percent_Promoters_with_NonConsensus,Promoters_with_PWM_Match,Percent_Promoters_with_PWM_Match,Promoters_with_PWM_and_NonConsensus,Percent_of_PWM_Match_Containing_Promoters_with_NonConsensus,Total_Promoter_Count
CREB1,20+,11854,39.74651287553648,3849,12.905713519313306,1473,38.269680436477,29824
CREB1,25+,4676,15.67864806866953,3849,12.905713519313306,557,14.471291244479085,29824
CREB1,30+,1663,5.5760461373390555,3849,12.905713519313306,202,5.248116393868537,29824
EGR1,20+,11825,39.64927575107296,16358,54.84844420600859,6138,37.522924562905004,29824
EGR1,25+,5235,17.55297746781116,16358,54.84844420600859,2762,16.884704731629785,29824
EGR1,30+,2162,7.249195278969957,16358,54.84844420600859,1139,6.962953906345519,29824
