Group,Bkg_Mean,Bkg_Std,Fg_Value,Fg_Zscore,P_Value
CREB1_20,0.004192086234600963,0.0001051307435250489,0.0072710230316015,29.286740431612532,1.53008944618377e-188
CREB1_25,0.003523650743117575,0.000178333057078549,0.005772356361321024,12.609583747633387,1.8697793238145318e-36
CREB1_30,0.003417028222861807,0.0002768171443569093,0.005799218179475063,8.60564457504056,7.588907970810742e-18
CREB1_pwm,0.004346569489821565,0.0002602568392810977,0.008852028706263438,17.31158815609693,3.846571146377715e-67
EGR1_20,0.002275553220500118,8.049217655775565e-05,0.005735479916438373,42.98463333831766,0.0
EGR1_25,0.002133976724382628,0.00012510336414422695,0.005904059040590406,30.13573889077349,1.6494682964098032e-199
EGR1_30,0.002086206087894564,0.00017408373670541383,0.006675734408955177,26.363912034052078,3.5550506278894856e-153
EGR1_pwm,0.0069855958745072624,0.00012398062509903828,0.00817741238727793,9.61292550201792,7.051641610428044e-22
