,Comparison,Max_Absolute_Difference
0,CREB1,0.10151263370551844
1,EGR1,0.15713453085849205
2,ELK1,0.5074992421791852
3,ETS1,0.5181371248271962
4,GATA1,0.452084033796586
5,MITF,0.8136576304041383
6,MYC,0.6833115587741136
7,P53,0.03855624329491869
8,STAT3,0.4884017303318971
9,TBP,0.4125292171626699
